<?xml version='1.0' encoding='UTF-8'?>
<!DOCTYPE pedidos SYSTEM "dtd_del_hito.dtd">
<pedidos>
    <!-- primer trimestre primer año -->
  <pedido>
    <cliente>
      <nombre>José Antonio</nombre>
      <apellidos>Ures Teba</apellidos>
      <telefono>633-354-5177</telefono>
      <direccion>
        <calle>Calle del Boquerón</calle>
        <ciudad>Santander</ciudad>
        <codigo_postal>39080</codigo_postal>
        <comunidad_autonoma>Cantabria</comunidad_autonoma>
      </direccion>
      <correo_electronico>joseantonio@gmail.com</correo_electronico>
      <info_pedido>
        <fecha_de_compra>
          <num_pedido>1</num_pedido>
          <fecha>28/04/2021</fecha>
          <trimestre>1</trimestre>
        </fecha_de_compra>
        <fecha_de_entrega>24/01/2021</fecha_de_entrega>
        <total_factura>€36,41</total_factura>
        <producto>
          <nombre_producto>Vodka - Smirnoff</nombre_producto>
          <referencia>1991</referencia>
          <precio>€504,86</precio>
          <unidades>6</unidades>
        </producto>
      </info_pedido>
    </cliente>
  </pedido>
  <pedido>
    <cliente>
      <nombre>Iván</nombre>
      <apellidos>Mata Herrón</apellidos>
      <telefono>442-366-5384</telefono>
      <direccion>
        <calle>Calle del Urogallo</calle>
        <ciudad>Lleida</ciudad>
        <codigo_postal>25198</codigo_postal>
        <comunidad_autonoma>Cataluna</comunidad_autonoma>
      </direccion>
      <correo_electronico>ivanmataherron@gmail.com</correo_electronico>
      <info_pedido>
        <fecha_de_compra>
          <num_pedido>2</num_pedido>
          <fecha>16/08/2021</fecha>
          <trimestre>1</trimestre>
        </fecha_de_compra>
        <fecha_de_entrega>26/07/2021</fecha_de_entrega>
        <total_factura>€990,62</total_factura>
        <producto>
          <nombre_producto>Chocolate Bar - Smarties</nombre_producto>
          <referencia>1482</referencia>
          <precio>€531,02</precio>
          <unidades>1</unidades>
        </producto>
      </info_pedido>
    </cliente>
  </pedido>
  <pedido>
    <cliente>
      <nombre>Javier</nombre>
      <apellidos>Suárez Baglietto</apellidos>
      <telefono>448-102-3940</telefono>
      <direccion>
        <calle>Calle del Pajar</calle>
        <ciudad>Madrid</ciudad>
        <codigo_postal>28025</codigo_postal>
        <comunidad_autonoma>Madrid</comunidad_autonoma>
      </direccion>
      <correo_electronico>javiersuarez@gmail.com</correo_electronico>
      <info_pedido>
        <fecha_de_compra>
          <num_pedido>3</num_pedido>
          <fecha>05/12/2021</fecha>
          <trimestre>1</trimestre>
        </fecha_de_compra>
        <fecha_de_entrega>27/12/2021</fecha_de_entrega>
        <total_factura>€174,36</total_factura>
        <producto>
          <nombre_producto>Hagen Daza - Dk Choocolate</nombre_producto>
          <referencia>1741</referencia>
          <precio>€657,80</precio>
          <unidades>1</unidades>
        </producto>
      </info_pedido>
    </cliente>
  </pedido>
  <pedido>
    <cliente>
      <nombre>David</nombre>
      <apellidos>Millán Domínguez</apellidos>
      <telefono>198-840-5128</telefono>
      <direccion>
        <calle>Calle Pajaritos</calle>
        <ciudad>Aviles</ciudad>
        <codigo_postal>33404</codigo_postal>
        <comunidad_autonoma>Asturias</comunidad_autonoma>
      </direccion>
      <correo_electronico>davidmillan@gmail.com</correo_electronico>
      <info_pedido>
        <fecha_de_compra>
          <num_pedido>4</num_pedido>
          <fecha>10/04/2021</fecha>
          <trimestre>1</trimestre>
        </fecha_de_compra>
        <fecha_de_entrega>26/10/2021</fecha_de_entrega>
        <total_factura>€825,96</total_factura>
        <producto>
          <nombre_producto>Baking Powder</nombre_producto>
          <referencia>1781</referencia>
          <precio>€697,69</precio>
          <unidades>14</unidades>
        </producto>
      </info_pedido>
    </cliente>
  </pedido>
  <pedido>
    <cliente>
      <nombre>Paula</nombre>
      <apellidos>Cubero Encinas</apellidos>
      <telefono>227-219-5796</telefono>
      <direccion>
        <calle>Calle Colador</calle>
        <ciudad>Vigo</ciudad>
        <codigo_postal>36215</codigo_postal>
        <comunidad_autonoma>Galicia</comunidad_autonoma>
      </direccion>
      <correo_electronico>paulacubero@gmail.com</correo_electronico>
      <info_pedido>
        <fecha_de_compra>
          <num_pedido>5</num_pedido>
          <fecha>16/02/2021</fecha>
          <trimestre>1</trimestre>
        </fecha_de_compra>
        <fecha_de_entrega>08/10/2021</fecha_de_entrega>
        <total_factura>€682,85</total_factura>
        <producto>
          <nombre_producto>Pepper - Red, Finger Hot</nombre_producto>
          <referencia>1001</referencia>
          <precio>€699,07</precio>
          <unidades>1</unidades>
        </producto>
      </info_pedido>
    </cliente>
  </pedido>
  <pedido>
    <cliente>
      <nombre>Norah</nombre>
      <apellidos>Wiltshire</apellidos>
      <telefono>333-368-1911</telefono>
      <direccion>
        <calle>Killdeer</calle>
        <ciudad>Elx/Elche</ciudad>
        <codigo_postal>03203</codigo_postal>
        <comunidad_autonoma>Comunidad Valenciana</comunidad_autonoma>
      </direccion>
      <correo_electronico>nwiltshire5@webmd.com</correo_electronico>
      <info_pedido>
        <fecha_de_compra>
          <num_pedido>5</num_pedido>
          <fecha>20/09/2021</fecha>
          <trimestre>1</trimestre>
        </fecha_de_compra>
        <fecha_de_entrega>30/07/2021</fecha_de_entrega>
        <total_factura>€154,18</total_factura>
        <producto>
          <nombre_producto>Cheese - Sheep Milk</nombre_producto>
          <referencia>1920</referencia>
          <precio>€25,76</precio>
          <unidades>5</unidades>
        </producto>
      </info_pedido>
    </cliente>
  </pedido>
  <pedido>
    <cliente>
      <nombre>Theobald</nombre>
      <apellidos>Tebboth</apellidos>
      <telefono>682-998-7933</telefono>
      <direccion>
        <calle>Fordem</calle>
        <ciudad>Cartagena</ciudad>
        <codigo_postal>30204</codigo_postal>
        <comunidad_autonoma>Murcia</comunidad_autonoma>
      </direccion>
      <correo_electronico>ttebboth6@guardian.co.uk</correo_electronico>
      <info_pedido>
        <fecha_de_compra>
          <num_pedido>6</num_pedido>
          <fecha>09/06/2021</fecha>
          <trimestre>1</trimestre>
        </fecha_de_compra>
        <fecha_de_entrega>07/05/2021</fecha_de_entrega>
        <total_factura>€203,37</total_factura>
        <producto>
          <nombre_producto>Bread - Multigrain</nombre_producto>
          <referencia>1439</referencia>
          <precio>€544,11</precio>
          <unidades>18</unidades>
        </producto>
      </info_pedido>
    </cliente>
  </pedido>
  <pedido>
    <cliente>
      <nombre>Clea</nombre>
      <apellidos>Handy</apellidos>
      <telefono>372-886-6345</telefono>
      <direccion>
        <calle>Hagan</calle>
        <ciudad>Palmas De Gran Canaria, Las</ciudad>
        <codigo_postal>35010</codigo_postal>
        <comunidad_autonoma>Canarias</comunidad_autonoma>
      </direccion>
      <correo_electronico>chandy7@gov.uk</correo_electronico>
      <info_pedido>
        <fecha_de_compra>
          <num_pedido>8</num_pedido>
          <fecha>19/07/2021</fecha>
          <trimestre>1</trimestre>
        </fecha_de_compra>
        <fecha_de_entrega>25/09/2021</fecha_de_entrega>
        <total_factura>€505,11</total_factura>
        <producto>
          <nombre_producto>Wine - Niagara Peninsula Vqa</nombre_producto>
          <referencia>1931</referencia>
          <precio>€912,00</precio>
          <unidades>2</unidades>
        </producto>
      </info_pedido>
    </cliente>
  </pedido>
  <pedido>
    <cliente>
      <nombre>Misty</nombre>
      <apellidos>Dalligan</apellidos>
      <telefono>578-957-5534</telefono>
      <direccion>
        <calle>Everett</calle>
        <ciudad>Cartagena</ciudad>
        <codigo_postal>30204</codigo_postal>
        <comunidad_autonoma>Murcia</comunidad_autonoma>
      </direccion>
      <correo_electronico>mdalligan8@amazon.co.jp</correo_electronico>
      <info_pedido>
        <fecha_de_compra>
          <num_pedido>9</num_pedido>
          <fecha>04/01/2021</fecha>
          <trimestre>1</trimestre>
        </fecha_de_compra>
        <fecha_de_entrega>26/08/2021</fecha_de_entrega>
        <total_factura>€14,63</total_factura>
        <producto>
          <nombre_producto>Pizza Pizza Dough</nombre_producto>
          <referencia>1714</referencia>
          <precio>€684,19</precio>
          <unidades>6</unidades>
        </producto>
      </info_pedido>
    </cliente>
  </pedido>
  <pedido>
    <cliente>
      <nombre>Leonanie</nombre>
      <apellidos>Trahmel</apellidos>
      <telefono>815-903-6046</telefono>
      <direccion>
        <calle>Park Meadow</calle>
        <ciudad>Palma De Mallorca</ciudad>
        <codigo_postal>07015</codigo_postal>
        <comunidad_autonoma>Baleares</comunidad_autonoma>
      </direccion>
      <correo_electronico>ltrahmel9@storify.com</correo_electronico>
      <info_pedido>
        <fecha_de_compra>
          <num_pedido>10</num_pedido>
          <fecha>13/04/2021</fecha>
          <trimestre>1</trimestre>
        </fecha_de_compra>
        <fecha_de_entrega>11/07/2021</fecha_de_entrega>
        <total_factura>€844,75</total_factura>
        <producto>
          <nombre_producto>Salt - Seasoned</nombre_producto>
          <referencia>1118</referencia>
          <precio>€638,32</precio>
          <unidades>2</unidades>
        </producto>
      </info_pedido>
    </cliente>
  </pedido>

<!-- segundo trimestre primer año -->

<pedido>
    <cliente>
        <nombre>José Antonio</nombre>
        <apellidos>Ures Teba</apellidos>
        <telefono>633-354-5177</telefono>
        <direccion>
          <calle>Calle del Boquerón</calle>
          <ciudad>Santander</ciudad>
          <codigo_postal>39080</codigo_postal>
          <comunidad_autonoma>Cantabria</comunidad_autonoma>
        </direccion>
        <correo_electronico>joseantonio@gmail.com</correo_electronico>
      <info_pedido>
        <fecha_de_compra>
          <num_pedido>11</num_pedido>
          <fecha>21/05/2021</fecha>
          <trimestre>2</trimestre>
        </fecha_de_compra>
        <fecha_de_entrega>12/01/2021</fecha_de_entrega>
        <total_factura>€412,18</total_factura>
        <producto>
          <nombre_producto>Beer - Pilsner Urquell</nombre_producto>
          <referencia>1181</referencia>
          <precio>€971,23</precio>
          <unidades>5</unidades>
        </producto>
      </info_pedido>
    </cliente>
  </pedido>
  <pedido>
    <cliente>
        <nombre>Iván</nombre>
        <apellidos>Mata Herrón</apellidos>
        <telefono>442-366-5384</telefono>
        <direccion>
          <calle>Calle del Urogallo</calle>
          <ciudad>Lleida</ciudad>
          <codigo_postal>25198</codigo_postal>
          <comunidad_autonoma>Cataluna</comunidad_autonoma>
        </direccion>
        <correo_electronico>ivanmataherron@gmail.com</correo_electronico>
      <info_pedido>
        <fecha_de_compra>
          <num_pedido>12</num_pedido>
          <fecha>12/07/2021</fecha>
          <trimestre>2</trimestre>
        </fecha_de_compra>
        <fecha_de_entrega>21/07/2021</fecha_de_entrega>
        <total_factura>€1,35</total_factura>
        <producto>
          <nombre_producto>Ham - Cooked Bayonne Tinned</nombre_producto>
          <referencia>1238</referencia>
          <precio>€105,06</precio>
          <unidades>1</unidades>
        </producto>
      </info_pedido>
    </cliente>
  </pedido>
  <pedido>
    <cliente>
        <nombre>Javier</nombre>
        <apellidos>Suárez Baglietto</apellidos>
        <telefono>448-102-3940</telefono>
        <direccion>
          <calle>Calle del Pajar</calle>
          <ciudad>Madrid</ciudad>
          <codigo_postal>28025</codigo_postal>
          <comunidad_autonoma>Madrid</comunidad_autonoma>
        </direccion>
        <correo_electronico>javiersuarez@gmail.com</correo_electronico>
      <info_pedido>
        <fecha_de_compra>
          <num_pedido>13</num_pedido>
          <fecha>28/04/2021</fecha>
          <trimestre>2</trimestre>
        </fecha_de_compra>
        <fecha_de_entrega>31/03/2021</fecha_de_entrega>
        <total_factura>€638,42</total_factura>
        <producto>
          <nombre_producto>Huck Towels White</nombre_producto>
          <referencia>1779</referencia>
          <precio>€690,12</precio>
          <unidades>17</unidades>
        </producto>
      </info_pedido>
    </cliente>
  </pedido>
  <pedido>
    <cliente>
        <nombre>David</nombre>
        <apellidos>Millán Domínguez</apellidos>
        <telefono>198-840-5128</telefono>
        <direccion>
          <calle>Calle Pajaritos</calle>
          <ciudad>Aviles</ciudad>
          <codigo_postal>33404</codigo_postal>
          <comunidad_autonoma>Asturias</comunidad_autonoma>
        </direccion>
        <correo_electronico>davidmillan@gmail.com</correo_electronico>
      <info_pedido>
        <fecha_de_compra>
          <num_pedido>14</num_pedido>
          <fecha>22/12/2021</fecha>
          <trimestre>2</trimestre>
        </fecha_de_compra>
        <fecha_de_entrega>31/07/2021</fecha_de_entrega>
        <total_factura>€324,35</total_factura>
        <producto>
          <nombre_producto>Beer - Sleeman Fine Porter</nombre_producto>
          <referencia>1355</referencia>
          <precio>€743,28</precio>
          <unidades>2</unidades>
        </producto>
      </info_pedido>
    </cliente>
  </pedido>
  <pedido>
    <cliente>
        <nombre>Paula</nombre>
        <apellidos>Cubero Encinas</apellidos>
        <telefono>227-219-5796</telefono>
        <direccion>
            <calle>Calle Colador</calle>
            <ciudad>Vigo</ciudad>
            <codigo_postal>36215</codigo_postal>
            <comunidad_autonoma>Galicia</comunidad_autonoma>
        </direccion>
        <correo_electronico>paulacubero@gmail.com</correo_electronico>
      <info_pedido>
        <fecha_de_compra>
          <num_pedido>15</num_pedido>
          <fecha>05/11/2021</fecha>
          <trimestre>2</trimestre>
        </fecha_de_compra>
        <fecha_de_entrega>28/12/2021</fecha_de_entrega>
        <total_factura>€747,78</total_factura>
        <producto>
          <nombre_producto>Wine - Manischewitz Concord</nombre_producto>
          <referencia>1294</referencia>
          <precio>€598,77</precio>
          <unidades>19</unidades>
        </producto>
      </info_pedido>
    </cliente>
  </pedido>
  <pedido>
    <cliente>
      <nombre>Letizia</nombre>
      <apellidos>Danser</apellidos>
      <telefono>136-552-1831</telefono>
      <direccion>
        <calle>Westerfield</calle>
        <ciudad>Pontevedra</ciudad>
        <codigo_postal>36164</codigo_postal>
        <comunidad_autonoma>Galicia</comunidad_autonoma>
      </direccion>
      <correo_electronico>ldanser5@oracle.com</correo_electronico>
      <info_pedido>
        <fecha_de_compra>
          <num_pedido>16</num_pedido>
          <fecha>07/01/2021</fecha>
          <trimestre>2</trimestre>
        </fecha_de_compra>
        <fecha_de_entrega>05/12/2021</fecha_de_entrega>
        <total_factura>€90,74</total_factura>
        <producto>
          <nombre_producto>Pizza Pizza Dough</nombre_producto>
          <referencia>1637</referencia>
          <precio>€260,14</precio>
          <unidades>17</unidades>
        </producto>
      </info_pedido>
    </cliente>
  </pedido>
  <pedido>
    <cliente>
      <nombre>Licha</nombre>
      <apellidos>Dennerly</apellidos>
      <telefono>923-468-1143</telefono>
      <direccion>
        <calle>Dorton</calle>
        <ciudad>Pamplona/Iruña</ciudad>
        <codigo_postal>31010</codigo_postal>
        <comunidad_autonoma>Navarra</comunidad_autonoma>
      </direccion>
      <correo_electronico>ldennerly6@kickstarter.com</correo_electronico>
      <info_pedido>
        <fecha_de_compra>
          <num_pedido>17</num_pedido>
          <fecha>18/06/2021</fecha>
          <trimestre>2</trimestre>
        </fecha_de_compra>
        <fecha_de_entrega>19/09/2021</fecha_de_entrega>
        <total_factura>€226,95</total_factura>
        <producto>
          <nombre_producto>Myers Planters Punch</nombre_producto>
          <referencia>1301</referencia>
          <precio>€706,96</precio>
          <unidades>11</unidades>
        </producto>
      </info_pedido>
    </cliente>
  </pedido>
  <pedido>
    <cliente>
      <nombre>Abbe</nombre>
      <apellidos>Purnell</apellidos>
      <telefono>627-140-4207</telefono>
      <direccion>
        <calle>Schurz</calle>
        <ciudad>Elx/Elche</ciudad>
        <codigo_postal>03203</codigo_postal>
        <comunidad_autonoma>Comunidad Valenciana</comunidad_autonoma>
      </direccion>
      <correo_electronico>apurnell7@arizona.edu</correo_electronico>
      <info_pedido>
        <fecha_de_compra>
          <num_pedido>18</num_pedido>
          <fecha>08/10/2021</fecha>
          <trimestre>2</trimestre>
        </fecha_de_compra>
        <fecha_de_entrega>05/02/2021</fecha_de_entrega>
        <total_factura>€242,50</total_factura>
        <producto>
          <nombre_producto>Pizza Pizza Dough</nombre_producto>
          <referencia>1152</referencia>
          <precio>€604,55</precio>
          <unidades>10</unidades>
        </producto>
      </info_pedido>
    </cliente>
  </pedido>
  <pedido>
    <cliente>
      <nombre>Gamaliel</nombre>
      <apellidos>Pillifant</apellidos>
      <telefono>894-133-9575</telefono>
      <direccion>
        <calle>Susan</calle>
        <ciudad>Palencia</ciudad>
        <codigo_postal>34005</codigo_postal>
        <comunidad_autonoma>Castilla - Leon</comunidad_autonoma>
      </direccion>
      <correo_electronico>gpillifant8@jalbum.net</correo_electronico>
      <info_pedido>
        <fecha_de_compra>
          <num_pedido>19</num_pedido>
          <fecha>03/05/2021</fecha>
          <trimestre>2</trimestre>
        </fecha_de_compra>
        <fecha_de_entrega>03/09/2021</fecha_de_entrega>
        <total_factura>€13,44</total_factura>
        <producto>
          <nombre_producto>Chip - Potato Dill Pickle</nombre_producto>
          <referencia>1662</referencia>
          <precio>€545,07</precio>
          <unidades>19</unidades>
        </producto>
      </info_pedido>
    </cliente>
  </pedido>
  <pedido>
    <cliente>
      <nombre>Alejoa</nombre>
      <apellidos>O' Scallan</apellidos>
      <telefono>180-834-1009</telefono>
      <direccion>
        <calle>Maryland</calle>
        <ciudad>Cartagena</ciudad>
        <codigo_postal>30204</codigo_postal>
        <comunidad_autonoma>Murcia</comunidad_autonoma>
      </direccion>
      <correo_electronico>aoscallan9@adobe.com</correo_electronico>
      <info_pedido>
        <fecha_de_compra>
          <num_pedido>20</num_pedido>
          <fecha>29/01/2021</fecha>
          <trimestre>2</trimestre>
        </fecha_de_compra>
        <fecha_de_entrega>03/02/2021</fecha_de_entrega>
        <total_factura>€846,82</total_factura>
        <producto>
          <nombre_producto>Southern Comfort</nombre_producto>
          <referencia>1707</referencia>
          <precio>€366,15</precio>
          <unidades>3</unidades>
        </producto>
      </info_pedido>
    </cliente>
  </pedido>

<!-- tercer trimestre primer año -->

<pedido>
    <cliente>
        <nombre>José Antonio</nombre>
        <apellidos>Ures Teba</apellidos>
        <telefono>633-354-5177</telefono>
        <direccion>
            <calle>Calle del Boquerón</calle>
            <ciudad>Santander</ciudad>
            <codigo_postal>39080</codigo_postal>
            <comunidad_autonoma>Cantabria</comunidad_autonoma>
        </direccion>
        <correo_electronico>joseantonio@gmail.com</correo_electronico>
      <info_pedido>
        <fecha_de_compra>
          <num_pedido>21</num_pedido>
          <fecha>01/03/2021</fecha>
          <trimestre>3</trimestre>
        </fecha_de_compra>
        <fecha_de_entrega>13/07/2021</fecha_de_entrega>
        <total_factura>€25,78</total_factura>
        <producto>
          <nombre_producto>Muffin Carrot - Individual</nombre_producto>
          <referencia>1312</referencia>
          <precio>€258,80</precio>
          <unidades>10</unidades>
        </producto>
      </info_pedido>
    </cliente>
  </pedido>
  <pedido>
    <cliente>
        <nombre>Iván</nombre>
        <apellidos>Mata Herrón</apellidos>
        <telefono>442-366-5384</telefono>
        <direccion>
            <calle>Calle del Urogallo</calle>
            <ciudad>Lleida</ciudad>
            <codigo_postal>25198</codigo_postal>
            <comunidad_autonoma>Cataluna</comunidad_autonoma>
        </direccion>
        <correo_electronico>ivanmataherron@gmail.com</correo_electronico>
      <info_pedido>
        <fecha_de_compra>
          <num_pedido>22</num_pedido>
          <fecha>10/06/2021</fecha>
          <trimestre>3</trimestre>
        </fecha_de_compra>
        <fecha_de_entrega>30/09/2021</fecha_de_entrega>
        <total_factura>€34,72</total_factura>
        <producto>
          <nombre_producto>Bread - Wheat Baguette</nombre_producto>
          <referencia>1667</referencia>
          <precio>€910,48</precio>
          <unidades>17</unidades>
        </producto>
      </info_pedido>
    </cliente>
  </pedido>
  <pedido>
    <cliente>
        <nombre>Javier</nombre>
        <apellidos>Suárez Baglietto</apellidos>
        <telefono>448-102-3940</telefono>
        <direccion>
            <calle>Calle del Pajar</calle>
            <ciudad>Madrid</ciudad>
            <codigo_postal>28025</codigo_postal>
            <comunidad_autonoma>Madrid</comunidad_autonoma>
        </direccion>
        <correo_electronico>javiersuarez@gmail.com</correo_electronico>
      <info_pedido>
        <fecha_de_compra>
          <num_pedido>23</num_pedido>
          <fecha>31/03/2021</fecha>
          <trimestre>3</trimestre>
        </fecha_de_compra>
        <fecha_de_entrega>21/10/2021</fecha_de_entrega>
        <total_factura>€1,27</total_factura>
        <producto>
          <nombre_producto>Watercress</nombre_producto>
          <referencia>1139</referencia>
          <precio>€791,02</precio>
          <unidades>1</unidades>
        </producto>
      </info_pedido>
    </cliente>
  </pedido>
  <pedido>
    <cliente>
        <nombre>David</nombre>
        <apellidos>Millán Domínguez</apellidos>
        <telefono>198-840-5128</telefono>
        <direccion>
            <calle>Calle Pajaritos</calle>
            <ciudad>Aviles</ciudad>
            <codigo_postal>33404</codigo_postal>
            <comunidad_autonoma>Asturias</comunidad_autonoma>
        </direccion>
        <correo_electronico>davidmillan@gmail.com</correo_electronico>
      <info_pedido>
        <fecha_de_compra>
          <num_pedido>24</num_pedido>
          <fecha>16/05/2021</fecha>
          <trimestre>3</trimestre>
        </fecha_de_compra>
        <fecha_de_entrega>11/04/2021</fecha_de_entrega>
        <total_factura>€259,91</total_factura>
        <producto>
          <nombre_producto>Wiberg Cure</nombre_producto>
          <referencia>1750</referencia>
          <precio>€9,06</precio>
          <unidades>16</unidades>
        </producto>
      </info_pedido>
    </cliente>
  </pedido>
  <pedido>
    <cliente>
        <nombre>Paula</nombre>
        <apellidos>Cubero Encinas</apellidos>
        <telefono>227-219-5796</telefono>
        <direccion>
            <calle>Calle Colador</calle>
            <ciudad>Vigo</ciudad>
            <codigo_postal>36215</codigo_postal>
            <comunidad_autonoma>Galicia</comunidad_autonoma>
        </direccion>
        <correo_electronico>paulacubero@gmail.com</correo_electronico>
      <info_pedido>
        <fecha_de_compra>
          <num_pedido>25</num_pedido>
          <fecha>09/11/2021</fecha>
          <trimestre>3</trimestre>
        </fecha_de_compra>
        <fecha_de_entrega>14/10/2021</fecha_de_entrega>
        <total_factura>€717,58</total_factura>
        <producto>
          <nombre_producto>Chocolate Bar - Oh Henry</nombre_producto>
          <referencia>1898</referencia>
          <precio>€259,16</precio>
          <unidades>2</unidades>
        </producto>
      </info_pedido>
    </cliente>
  </pedido>
  <pedido>
    <cliente>
      <nombre>Theo</nombre>
      <apellidos>Gillimgham</apellidos>
      <telefono>126-457-5701</telefono>
      <direccion>
        <calle>Stang</calle>
        <ciudad>Lugo</ciudad>
        <codigo_postal>27294</codigo_postal>
        <comunidad_autonoma>Galicia</comunidad_autonoma>
      </direccion>
      <correo_electronico>tgillimgham5@com.com</correo_electronico>
      <info_pedido>
        <fecha_de_compra>
          <num_pedido>26</num_pedido>
          <fecha>29/06/2021</fecha>
          <trimestre>3</trimestre>
        </fecha_de_compra>
        <fecha_de_entrega>10/03/2021</fecha_de_entrega>
        <total_factura>€511,81</total_factura>
        <producto>
          <nombre_producto>Peas Snow</nombre_producto>
          <referencia>1548</referencia>
          <precio>€339,10</precio>
          <unidades>8</unidades>
        </producto>
      </info_pedido>
    </cliente>
  </pedido>
  <pedido>
    <cliente>
      <nombre>Inge</nombre>
      <apellidos>Cary</apellidos>
      <telefono>673-247-2786</telefono>
      <direccion>
        <calle>Dahle</calle>
        <ciudad>Palencia</ciudad>
        <codigo_postal>34005</codigo_postal>
        <comunidad_autonoma>Castilla - Leon</comunidad_autonoma>
      </direccion>
      <correo_electronico>icary6@zimbio.com</correo_electronico>
      <info_pedido>
        <fecha_de_compra>
          <num_pedido>27</num_pedido>
          <fecha>31/08/2021</fecha>
          <trimestre>3</trimestre>
        </fecha_de_compra>
        <fecha_de_entrega>29/10/2021</fecha_de_entrega>
        <total_factura>€463,28</total_factura>
        <producto>
          <nombre_producto>Tea - Lemon Green Tea</nombre_producto>
          <referencia>1903</referencia>
          <precio>€81,60</precio>
          <unidades>11</unidades>
        </producto>
      </info_pedido>
    </cliente>
  </pedido>
  <pedido>
    <cliente>
      <nombre>Jeannine</nombre>
      <apellidos>Ferry</apellidos>
      <telefono>885-732-7222</telefono>
      <direccion>
        <calle>Anderson</calle>
        <ciudad>Santander</ciudad>
        <codigo_postal>39005</codigo_postal>
        <comunidad_autonoma>Cantabria</comunidad_autonoma>
      </direccion>
      <correo_electronico>jferry7@altervista.org</correo_electronico>
      <info_pedido>
        <fecha_de_compra>
          <num_pedido>28</num_pedido>
          <fecha>06/12/2021</fecha>
          <trimestre>3</trimestre>
        </fecha_de_compra>
        <fecha_de_entrega>29/06/2021</fecha_de_entrega>
        <total_factura>€277,08</total_factura>
        <producto>
          <nombre_producto>Chicken Giblets</nombre_producto>
          <referencia>1680</referencia>
          <precio>€173,98</precio>
          <unidades>13</unidades>
        </producto>
      </info_pedido>
    </cliente>
  </pedido>
  <pedido>
    <cliente>
      <nombre>Aline</nombre>
      <apellidos>Wallach</apellidos>
      <telefono>113-201-0662</telefono>
      <direccion>
        <calle>Chinook</calle>
        <ciudad>Badajoz</ciudad>
        <codigo_postal>06005</codigo_postal>
        <comunidad_autonoma>Extremadura</comunidad_autonoma>
      </direccion>
      <correo_electronico>awallach8@youtu.be</correo_electronico>
      <info_pedido>
        <fecha_de_compra>
          <num_pedido>29</num_pedido>
          <fecha>03/04/2021</fecha>
          <trimestre>3</trimestre>
        </fecha_de_compra>
        <fecha_de_entrega>06/01/2021</fecha_de_entrega>
        <total_factura>€228,46</total_factura>
        <producto>
          <nombre_producto>Flavouring - Raspberry</nombre_producto>
          <referencia>1325</referencia>
          <precio>€149,44</precio>
          <unidades>5</unidades>
        </producto>
      </info_pedido>
    </cliente>
  </pedido>
  <pedido>
    <cliente>
      <nombre>Adolphus</nombre>
      <apellidos>Rolfs</apellidos>
      <telefono>245-663-2528</telefono>
      <direccion>
        <calle>Summerview</calle>
        <ciudad>Santander</ciudad>
        <codigo_postal>39080</codigo_postal>
        <comunidad_autonoma>Cantabria</comunidad_autonoma>
      </direccion>
      <correo_electronico>arolfs9@comcast.net</correo_electronico>
      <info_pedido>
        <fecha_de_compra>
          <num_pedido>30</num_pedido>
          <fecha>21/02/2021</fecha>
          <trimestre>3</trimestre>
        </fecha_de_compra>
        <fecha_de_entrega>26/09/2021</fecha_de_entrega>
        <total_factura>€829,87</total_factura>
        <producto>
          <nombre_producto>Vermacelli - Sprinkles, Assorted</nombre_producto>
          <referencia>1108</referencia>
          <precio>€995,39</precio>
          <unidades>1</unidades>
        </producto>
      </info_pedido>
    </cliente>
  </pedido>

<!-- cuarto trimestre primer año -->

<pedido>
    <cliente>
        <nombre>José Antonio</nombre>
        <apellidos>Ures Teba</apellidos>
        <telefono>633-354-5177</telefono>
        <direccion>
            <calle>Calle del Boquerón</calle>
            <ciudad>Santander</ciudad>
            <codigo_postal>39080</codigo_postal>
            <comunidad_autonoma>Cantabria</comunidad_autonoma>
        </direccion>
        <correo_electronico>joseantonio@gmail.com</correo_electronico>
      <info_pedido>
        <fecha_de_compra>
          <num_pedido>31</num_pedido>
          <fecha>10/11/2021</fecha>
          <trimestre>4</trimestre>
        </fecha_de_compra>
        <fecha_de_entrega>28/02/2021</fecha_de_entrega>
        <total_factura>€987,82</total_factura>
        <producto>
          <nombre_producto>Vinegar - Balsamic, White</nombre_producto>
          <referencia>1766</referencia>
          <precio>€318,76</precio>
          <unidades>6</unidades>
        </producto>
      </info_pedido>
    </cliente>
  </pedido>
  <pedido>
    <cliente>
        <nombre>Iván</nombre>
        <apellidos>Mata Herrón</apellidos>
        <telefono>442-366-5384</telefono>
        <direccion>
            <calle>Calle del Urogallo</calle>
            <ciudad>Lleida</ciudad>
            <codigo_postal>25198</codigo_postal>
            <comunidad_autonoma>Cataluna</comunidad_autonoma>
        </direccion>
        <correo_electronico>ivanmataherron@gmail.com</correo_electronico>
      <info_pedido>
        <fecha_de_compra>
          <num_pedido>32</num_pedido>
          <fecha>11/12/2021</fecha>
          <trimestre>4</trimestre>
        </fecha_de_compra>
        <fecha_de_entrega>11/09/2021</fecha_de_entrega>
        <total_factura>€978,37</total_factura>
        <producto>
          <nombre_producto>Port - 74 Brights</nombre_producto>
          <referencia>1408</referencia>
          <precio>€750,73</precio>
          <unidades>11</unidades>
        </producto>
      </info_pedido>
    </cliente>
  </pedido>
  <pedido>
    <cliente>
        <nombre>Javier</nombre>
        <apellidos>Suárez Baglietto</apellidos>
        <telefono>448-102-3940</telefono>
        <direccion>
            <calle>Calle del Pajar</calle>
            <ciudad>Madrid</ciudad>
            <codigo_postal>28025</codigo_postal>
            <comunidad_autonoma>Madrid</comunidad_autonoma>
        </direccion>
        <correo_electronico>javiersuarez@gmail.com</correo_electronico>
      <info_pedido>
        <fecha_de_compra>
          <num_pedido>33</num_pedido>
          <fecha>29/12/2021</fecha>
          <trimestre>4</trimestre>
        </fecha_de_compra>
        <fecha_de_entrega>08/08/2021</fecha_de_entrega>
        <total_factura>€839,35</total_factura>
        <producto>
          <nombre_producto>Wine - Remy Pannier Rose</nombre_producto>
          <referencia>1847</referencia>
          <precio>€893,67</precio>
          <unidades>5</unidades>
        </producto>
      </info_pedido>
    </cliente>
  </pedido>
  <pedido>
    <cliente>
        <nombre>David</nombre>
        <apellidos>Millán Domínguez</apellidos>
        <telefono>198-840-5128</telefono>
        <direccion>
            <calle>Calle Pajaritos</calle>
            <ciudad>Aviles</ciudad>
            <codigo_postal>33404</codigo_postal>
            <comunidad_autonoma>Asturias</comunidad_autonoma>
        </direccion>
        <correo_electronico>davidmillan@gmail.com</correo_electronico>
      <info_pedido>
        <fecha_de_compra>
          <num_pedido>34</num_pedido>
          <fecha>25/02/2021</fecha>
          <trimestre>4</trimestre>
        </fecha_de_compra>
        <fecha_de_entrega>01/12/2021</fecha_de_entrega>
        <total_factura>€711,54</total_factura>
        <producto>
          <nombre_producto>Dried Figs</nombre_producto>
          <referencia>1321</referencia>
          <precio>€406,93</precio>
          <unidades>4</unidades>
        </producto>
      </info_pedido>
    </cliente>
  </pedido>
  <pedido>
    <cliente>
        <nombre>Paula</nombre>
        <apellidos>Cubero Encinas</apellidos>
        <telefono>227-219-5796</telefono>
        <direccion>
            <calle>Calle Colador</calle>
            <ciudad>Vigo</ciudad>
            <codigo_postal>36215</codigo_postal>
            <comunidad_autonoma>Galicia</comunidad_autonoma>
        </direccion>
        <correo_electronico>paulacubero@gmail.com</correo_electronico>
      <info_pedido>
        <fecha_de_compra>
          <num_pedido>35</num_pedido>
          <fecha>16/03/2021</fecha>
          <trimestre>4</trimestre>
        </fecha_de_compra>
        <fecha_de_entrega>06/08/2021</fecha_de_entrega>
        <total_factura>€921,28</total_factura>
        <producto>
          <nombre_producto>Ecolab - Solid Fusion</nombre_producto>
          <referencia>1773</referencia>
          <precio>€393,44</precio>
          <unidades>13</unidades>
        </producto>
      </info_pedido>
    </cliente>
  </pedido>
  <pedido>
    <cliente>
      <nombre>Hobey</nombre>
      <apellidos>Nansom</apellidos>
      <telefono>267-854-1942</telefono>
      <direccion>
        <calle>Erie</calle>
        <ciudad>Sabadell</ciudad>
        <codigo_postal>08204</codigo_postal>
        <comunidad_autonoma>Cataluna</comunidad_autonoma>
      </direccion>
      <correo_electronico>hnansom5@jigsy.com</correo_electronico>
      <info_pedido>
        <fecha_de_compra>
          <num_pedido>36</num_pedido>
          <fecha>01/03/2021</fecha>
          <trimestre>4</trimestre>
        </fecha_de_compra>
        <fecha_de_entrega>29/05/2021</fecha_de_entrega>
        <total_factura>€22,15</total_factura>
        <producto>
          <nombre_producto>Mcguinness - Blue Curacao</nombre_producto>
          <referencia>1897</referencia>
          <precio>€216,36</precio>
          <unidades>13</unidades>
        </producto>
      </info_pedido>
    </cliente>
  </pedido>
  <pedido>
    <cliente>
      <nombre>Willis</nombre>
      <apellidos>Aiken</apellidos>
      <telefono>217-795-3109</telefono>
      <direccion>
        <calle>Cardinal</calle>
        <ciudad>Aviles</ciudad>
        <codigo_postal>33404</codigo_postal>
        <comunidad_autonoma>Asturias</comunidad_autonoma>
      </direccion>
      <correo_electronico>waiken6@jugem.jp</correo_electronico>
      <info_pedido>
        <fecha_de_compra>
          <num_pedido>37</num_pedido>
          <fecha>11/01/2021</fecha>
          <trimestre>4</trimestre>
        </fecha_de_compra>
        <fecha_de_entrega>20/10/2021</fecha_de_entrega>
        <total_factura>€172,72</total_factura>
        <producto>
          <nombre_producto>Longos - Chicken Cordon Bleu</nombre_producto>
          <referencia>1118</referencia>
          <precio>€205,85</precio>
          <unidades>12</unidades>
        </producto>
      </info_pedido>
    </cliente>
  </pedido>
  <pedido>
    <cliente>
      <nombre>Nolie</nombre>
      <apellidos>Mangenot</apellidos>
      <telefono>867-948-4693</telefono>
      <direccion>
        <calle>Browning</calle>
        <ciudad>Zaragoza</ciudad>
        <codigo_postal>50080</codigo_postal>
        <comunidad_autonoma>Aragon</comunidad_autonoma>
      </direccion>
      <correo_electronico>nmangenot7@nydailynews.com</correo_electronico>
      <info_pedido>
        <fecha_de_compra>
          <num_pedido>38</num_pedido>
          <fecha>20/10/2021</fecha>
          <trimestre>4</trimestre>
        </fecha_de_compra>
        <fecha_de_entrega>06/11/2021</fecha_de_entrega>
        <total_factura>€702,43</total_factura>
        <producto>
          <nombre_producto>Muffin Mix - Morning Glory</nombre_producto>
          <referencia>1318</referencia>
          <precio>€791,11</precio>
          <unidades>2</unidades>
        </producto>
      </info_pedido>
    </cliente>
  </pedido>
  <pedido>
    <cliente>
      <nombre>Pedro</nombre>
      <apellidos>Denyukin</apellidos>
      <telefono>541-990-0501</telefono>
      <direccion>
        <calle>Brickson Park</calle>
        <ciudad>Elx/Elche</ciudad>
        <codigo_postal>03203</codigo_postal>
        <comunidad_autonoma>Comunidad Valenciana</comunidad_autonoma>
      </direccion>
      <correo_electronico>pdenyukin8@topsy.com</correo_electronico>
      <info_pedido>
        <fecha_de_compra>
          <num_pedido>39</num_pedido>
          <fecha>03/02/2021</fecha>
          <trimestre>4</trimestre>
        </fecha_de_compra>
        <fecha_de_entrega>18/03/2021</fecha_de_entrega>
        <total_factura>€478,26</total_factura>
        <producto>
          <nombre_producto>Wine - Beringer Founders Estate</nombre_producto>
          <referencia>1046</referencia>
          <precio>€751,53</precio>
          <unidades>4</unidades>
        </producto>
      </info_pedido>
    </cliente>
  </pedido>
  <pedido>
    <cliente>
      <nombre>Elvyn</nombre>
      <apellidos>Warburton</apellidos>
      <telefono>767-863-2167</telefono>
      <direccion>
        <calle>Trailsway</calle>
        <ciudad>Logroño</ciudad>
        <codigo_postal>26005</codigo_postal>
        <comunidad_autonoma>La Rioja</comunidad_autonoma>
      </direccion>
      <correo_electronico>ewarburton9@reverbnation.com</correo_electronico>
      <info_pedido>
        <fecha_de_compra>
          <num_pedido>40</num_pedido>
          <fecha>12/12/2021</fecha>
          <trimestre>4</trimestre>
        </fecha_de_compra>
        <fecha_de_entrega>04/10/2021</fecha_de_entrega>
        <total_factura>€258,44</total_factura>
        <producto>
          <nombre_producto>Mangoes</nombre_producto>
          <referencia>1001</referencia>
          <precio>€819,47</precio>
          <unidades>1</unidades>
        </producto>
      </info_pedido>
    </cliente>
  </pedido>

<!-- primer trimestre segundo año -->

<pedido>
    <cliente>
        <nombre>José Antonio</nombre>
        <apellidos>Ures Teba</apellidos>
        <telefono>633-354-5177</telefono>
        <direccion>
            <calle>Calle del Boquerón</calle>
            <ciudad>Santander</ciudad>
            <codigo_postal>39080</codigo_postal>
            <comunidad_autonoma>Cantabria</comunidad_autonoma>
        </direccion>
        <correo_electronico>joseantonio@gmail.com</correo_electronico>
      <info_pedido>
        <fecha_de_compra>
          <num_pedido>41</num_pedido>
          <fecha>17/04/2022</fecha>
          <trimestre>5</trimestre>
        </fecha_de_compra>
        <fecha_de_entrega>16/10/2022</fecha_de_entrega>
        <total_factura>€630,58</total_factura>
        <producto>
          <nombre_producto>Chutney Sauce - Mango</nombre_producto>
          <referencia>1095</referencia>
          <precio>€813,32</precio>
          <unidades>18</unidades>
        </producto>
      </info_pedido>
    </cliente>
  </pedido>
  <pedido>
        <cliente>
            <nombre>Iván</nombre>
            <apellidos>Mata Herrón</apellidos>
            <telefono>442-366-5384</telefono>
            <direccion>
                <calle>Calle del Urogallo</calle>
                <ciudad>Lleida</ciudad>
                <codigo_postal>25198</codigo_postal>
                <comunidad_autonoma>Cataluna</comunidad_autonoma>
            </direccion>
            <correo_electronico>ivanmataherron@gmail.com</correo_electronico>
      <info_pedido>
        <fecha_de_compra>
          <num_pedido>42</num_pedido>
          <fecha>18/06/2022</fecha>
          <trimestre>5</trimestre>
        </fecha_de_compra>
        <fecha_de_entrega>20/04/2022</fecha_de_entrega>
        <total_factura>€893,82</total_factura>
        <producto>
          <nombre_producto>Turnip - Mini</nombre_producto>
          <referencia>1188</referencia>
          <precio>€915,94</precio>
          <unidades>8</unidades>
        </producto>
      </info_pedido>
    </cliente>
  </pedido>
  <pedido>
    <cliente>
        <nombre>Javier</nombre>
        <apellidos>Suárez Baglietto</apellidos>
        <telefono>448-102-3940</telefono>
        <direccion>
            <calle>Calle del Pajar</calle>
            <ciudad>Madrid</ciudad>
            <codigo_postal>28025</codigo_postal>
            <comunidad_autonoma>Madrid</comunidad_autonoma>
        </direccion>
        <correo_electronico>javiersuarez@gmail.com</correo_electronico>
      <info_pedido>
        <fecha_de_compra>
          <num_pedido>43</num_pedido>
          <fecha>30/12/2022</fecha>
          <trimestre>5</trimestre>
        </fecha_de_compra>
        <fecha_de_entrega>20/09/2022</fecha_de_entrega>
        <total_factura>€706,26</total_factura>
        <producto>
          <nombre_producto>Shortbread - Cookie Crumbs</nombre_producto>
          <referencia>1445</referencia>
          <precio>€107,81</precio>
          <unidades>17</unidades>
        </producto>
      </info_pedido>
    </cliente>
  </pedido>
  <pedido>
    <cliente>
        <nombre>David</nombre>
        <apellidos>Millán Domínguez</apellidos>
        <telefono>198-840-5128</telefono>
        <direccion>
            <calle>Calle Pajaritos</calle>
            <ciudad>Aviles</ciudad>
            <codigo_postal>33404</codigo_postal>
            <comunidad_autonoma>Asturias</comunidad_autonoma>
        </direccion>
        <correo_electronico>davidmillan@gmail.com</correo_electronico>
      <info_pedido>
        <fecha_de_compra>
          <num_pedido>44</num_pedido>
          <fecha>20/05/2022</fecha>
          <trimestre>5</trimestre>
        </fecha_de_compra>
        <fecha_de_entrega>07/06/2022</fecha_de_entrega>
        <total_factura>€757,47</total_factura>
        <producto>
          <nombre_producto>Truffle - Whole Black Peeled</nombre_producto>
          <referencia>1083</referencia>
          <precio>€354,62</precio>
          <unidades>18</unidades>
        </producto>
      </info_pedido>
    </cliente>
  </pedido>
  <pedido>
    <cliente>
        <nombre>Paula</nombre>
        <apellidos>Cubero Encinas</apellidos>
        <telefono>227-219-5796</telefono>
        <direccion>
            <calle>Calle Colador</calle>
            <ciudad>Vigo</ciudad>
            <codigo_postal>36215</codigo_postal>
            <comunidad_autonoma>Galicia</comunidad_autonoma>
        </direccion>
        <correo_electronico>paulacubero@gmail.com</correo_electronico>
      <info_pedido>
        <fecha_de_compra>
          <num_pedido>45</num_pedido>
          <fecha>13/07/2022</fecha>
          <trimestre>5</trimestre>
        </fecha_de_compra>
        <fecha_de_entrega>17/06/2022</fecha_de_entrega>
        <total_factura>€264,38</total_factura>
        <producto>
          <nombre_producto>Rosemary - Dry</nombre_producto>
          <referencia>1282</referencia>
          <precio>€671,61</precio>
          <unidades>20</unidades>
        </producto>
      </info_pedido>
    </cliente>
  </pedido>
  <pedido>
    <cliente>
      <nombre>Vivien</nombre>
      <apellidos>Maccaig</apellidos>
      <telefono>788-935-3073</telefono>
      <direccion>
        <calle>Birchwood</calle>
        <ciudad>Pontevedra</ciudad>
        <codigo_postal>36156</codigo_postal>
        <comunidad_autonoma>Galicia</comunidad_autonoma>
      </direccion>
      <correo_electronico>vmaccaig5@flickr.com</correo_electronico>
      <info_pedido>
        <fecha_de_compra>
          <num_pedido>46</num_pedido>
          <fecha>28/03/2022</fecha>
          <trimestre>5</trimestre>
        </fecha_de_compra>
        <fecha_de_entrega>01/04/2022</fecha_de_entrega>
        <total_factura>€809,44</total_factura>
        <producto>
          <nombre_producto>Remy Red Berry Infusion</nombre_producto>
          <referencia>1589</referencia>
          <precio>€612,56</precio>
          <unidades>19</unidades>
        </producto>
      </info_pedido>
    </cliente>
  </pedido>
  <pedido>
    <cliente>
      <nombre>Darby</nombre>
      <apellidos>Frenzl</apellidos>
      <telefono>384-948-2745</telefono>
      <direccion>
        <calle>Beilfuss</calle>
        <ciudad>Vigo</ciudad>
        <codigo_postal>36215</codigo_postal>
        <comunidad_autonoma>Galicia</comunidad_autonoma>
      </direccion>
      <correo_electronico>dfrenzl6@state.tx.us</correo_electronico>
      <info_pedido>
        <fecha_de_compra>
          <num_pedido>47</num_pedido>
          <fecha>14/11/2022</fecha>
          <trimestre>5</trimestre>
        </fecha_de_compra>
        <fecha_de_entrega>16/08/2022</fecha_de_entrega>
        <total_factura>€922,89</total_factura>
        <producto>
          <nombre_producto>Shark - Loin</nombre_producto>
          <referencia>1579</referencia>
          <precio>€151,36</precio>
          <unidades>2</unidades>
        </producto>
      </info_pedido>
    </cliente>
  </pedido>
  <pedido>
    <cliente>
      <nombre>Robenia</nombre>
      <apellidos>Tiller</apellidos>
      <telefono>363-922-5032</telefono>
      <direccion>
        <calle>Shopko</calle>
        <ciudad>Albacete</ciudad>
        <codigo_postal>02005</codigo_postal>
        <comunidad_autonoma>Castilla - La Mancha</comunidad_autonoma>
      </direccion>
      <correo_electronico>rtiller7@amazon.co.uk</correo_electronico>
      <info_pedido>
        <fecha_de_compra>
          <num_pedido>48</num_pedido>
          <fecha>23/11/2022</fecha>
          <trimestre>5</trimestre>
        </fecha_de_compra>
        <fecha_de_entrega>04/06/2022</fecha_de_entrega>
        <total_factura>€953,03</total_factura>
        <producto>
          <nombre_producto>Vinegar - Raspberry</nombre_producto>
          <referencia>1649</referencia>
          <precio>€264,26</precio>
          <unidades>3</unidades>
        </producto>
      </info_pedido>
    </cliente>
  </pedido>
  <pedido>
    <cliente>
      <nombre>Marley</nombre>
      <apellidos>McPhillimey</apellidos>
      <telefono>466-647-7726</telefono>
      <direccion>
        <calle>American</calle>
        <ciudad>Aviles</ciudad>
        <codigo_postal>33404</codigo_postal>
        <comunidad_autonoma>Asturias</comunidad_autonoma>
      </direccion>
      <correo_electronico>mmcphillimey8@nymag.com</correo_electronico>
      <info_pedido>
        <fecha_de_compra>
          <num_pedido>49</num_pedido>
          <fecha>26/12/2022</fecha>
          <trimestre>5</trimestre>
        </fecha_de_compra>
        <fecha_de_entrega>06/12/2022</fecha_de_entrega>
        <total_factura>€343,06</total_factura>
        <producto>
          <nombre_producto>Cookie Dough - Peanut Butter</nombre_producto>
          <referencia>1000</referencia>
          <precio>€777,18</precio>
          <unidades>4</unidades>
        </producto>
      </info_pedido>
    </cliente>
  </pedido>
  <pedido>
    <cliente>
      <nombre>Stanley</nombre>
      <apellidos>Semerad</apellidos>
      <telefono>282-391-0303</telefono>
      <direccion>
        <calle>Buhler</calle>
        <ciudad>Vitoria-Gasteiz</ciudad>
        <codigo_postal>01080</codigo_postal>
        <comunidad_autonoma>Pais Vasco</comunidad_autonoma>
      </direccion>
      <correo_electronico>ssemerad9@dyndns.org</correo_electronico>
      <info_pedido>
        <fecha_de_compra>
          <num_pedido>50</num_pedido>
          <fecha>20/07/2022</fecha>
          <trimestre>5</trimestre>
        </fecha_de_compra>
        <fecha_de_entrega>13/08/2022</fecha_de_entrega>
        <total_factura>€487,19</total_factura>
        <producto>
          <nombre_producto>Table Cloth 81x81 Colour</nombre_producto>
          <referencia>1868</referencia>
          <precio>€571,94</precio>
          <unidades>16</unidades>
        </producto>
      </info_pedido>
    </cliente>
  </pedido>

<!-- segundo trimestre segundo año -->

<pedido>
    <cliente>
        <nombre>José Antonio</nombre>
        <apellidos>Ures Teba</apellidos>
        <telefono>633-354-5177</telefono>
        <direccion>
            <calle>Calle del Boquerón</calle>
            <ciudad>Santander</ciudad>
            <codigo_postal>39080</codigo_postal>
            <comunidad_autonoma>Cantabria</comunidad_autonoma>
        </direccion>
        <correo_electronico>joseantonio@gmail.com</correo_electronico>
      <info_pedido>
        <fecha_de_compra>
          <num_pedido>51</num_pedido>
          <fecha>14/09/2022</fecha>
          <trimestre>6</trimestre>
        </fecha_de_compra>
        <fecha_de_entrega>14/09/2022</fecha_de_entrega>
        <total_factura>€686,76</total_factura>
        <producto>
          <nombre_producto>Tilapia - Fillets</nombre_producto>
          <referencia>1030</referencia>
          <precio>€8,58</precio>
          <unidades>12</unidades>
        </producto>
      </info_pedido>
    </cliente>
  </pedido>
  <pedido>
        <cliente>
            <nombre>Iván</nombre>
            <apellidos>Mata Herrón</apellidos>
            <telefono>442-366-5384</telefono>
            <direccion>
                <calle>Calle del Urogallo</calle>
                <ciudad>Lleida</ciudad>
                <codigo_postal>25198</codigo_postal>
                <comunidad_autonoma>Cataluna</comunidad_autonoma>
            </direccion>
            <correo_electronico>ivanmataherron@gmail.com</correo_electronico>
      <info_pedido>
        <fecha_de_compra>
          <num_pedido>52</num_pedido>
          <fecha>17/05/2022</fecha>
          <trimestre>6</trimestre>
        </fecha_de_compra>
        <fecha_de_entrega>04/02/2022</fecha_de_entrega>
        <total_factura>€415,68</total_factura>
        <producto>
          <nombre_producto>Coffee Cup 8oz 5338cd</nombre_producto>
          <referencia>1853</referencia>
          <precio>€116,99</precio>
          <unidades>20</unidades>
        </producto>
      </info_pedido>
    </cliente>
  </pedido>
  <pedido>
    <cliente>
        <nombre>Javier</nombre>
        <apellidos>Suárez Baglietto</apellidos>
        <telefono>448-102-3940</telefono>
        <direccion>
            <calle>Calle del Pajar</calle>
            <ciudad>Madrid</ciudad>
            <codigo_postal>28025</codigo_postal>
            <comunidad_autonoma>Madrid</comunidad_autonoma>
        </direccion>
        <correo_electronico>javiersuarez@gmail.com</correo_electronico>
      <info_pedido>
        <fecha_de_compra>
          <num_pedido>53</num_pedido>
          <fecha>04/10/2022</fecha>
          <trimestre>6</trimestre>
        </fecha_de_compra>
        <fecha_de_entrega>15/10/2022</fecha_de_entrega>
        <total_factura>€667,59</total_factura>
        <producto>
          <nombre_producto>Wine - Red, Pinot Noir, Chateau</nombre_producto>
          <referencia>1126</referencia>
          <precio>€794,94</precio>
          <unidades>11</unidades>
        </producto>
      </info_pedido>
    </cliente>
  </pedido>
  <pedido>
    <cliente>
        <nombre>David</nombre>
        <apellidos>Millán Domínguez</apellidos>
        <telefono>198-840-5128</telefono>
        <direccion>
            <calle>Calle Pajaritos</calle>
            <ciudad>Aviles</ciudad>
            <codigo_postal>33404</codigo_postal>
            <comunidad_autonoma>Asturias</comunidad_autonoma>
        </direccion>
        <correo_electronico>davidmillan@gmail.com</correo_electronico>
      <info_pedido>
        <fecha_de_compra>
          <num_pedido>54</num_pedido>
          <fecha>18/09/2022</fecha>
          <trimestre>6</trimestre>
        </fecha_de_compra>
        <fecha_de_entrega>04/02/2022</fecha_de_entrega>
        <total_factura>€145,14</total_factura>
        <producto>
          <nombre_producto>Heavy Duty Dust Pan</nombre_producto>
          <referencia>1291</referencia>
          <precio>€371,29</precio>
          <unidades>14</unidades>
        </producto>
      </info_pedido>
    </cliente>
  </pedido>
  <pedido>
    <cliente>
        <nombre>Paula</nombre>
        <apellidos>Cubero Encinas</apellidos>
        <telefono>227-219-5796</telefono>
        <direccion>
            <calle>Calle Colador</calle>
            <ciudad>Vigo</ciudad>
            <codigo_postal>36215</codigo_postal>
            <comunidad_autonoma>Galicia</comunidad_autonoma>
        </direccion>
        <correo_electronico>paulacubero@gmail.com</correo_electronico>
      <info_pedido>
        <fecha_de_compra>
          <num_pedido>55</num_pedido>
          <fecha>06/04/2022</fecha>
          <trimestre>6</trimestre>
        </fecha_de_compra>
        <fecha_de_entrega>23/01/2022</fecha_de_entrega>
        <total_factura>€723,30</total_factura>
        <producto>
          <nombre_producto>Dried Figs</nombre_producto>
          <referencia>1146</referencia>
          <precio>€856,59</precio>
          <unidades>14</unidades>
        </producto>
      </info_pedido>
    </cliente>
  </pedido>
  <pedido>
    <cliente>
      <nombre>Barbra</nombre>
      <apellidos>Novotni</apellidos>
      <telefono>458-468-6722</telefono>
      <direccion>
        <calle>Packers</calle>
        <ciudad>Pamplona/Iruña</ciudad>
        <codigo_postal>31005</codigo_postal>
        <comunidad_autonoma>Navarra</comunidad_autonoma>
      </direccion>
      <correo_electronico>bnovotni5@tamu.edu</correo_electronico>
      <info_pedido>
        <fecha_de_compra>
          <num_pedido>56</num_pedido>
          <fecha>03/12/2022</fecha>
          <trimestre>6</trimestre>
        </fecha_de_compra>
        <fecha_de_entrega>08/03/2022</fecha_de_entrega>
        <total_factura>€823,01</total_factura>
        <producto>
          <nombre_producto>Ecolab - Balanced Fusion</nombre_producto>
          <referencia>1491</referencia>
          <precio>€397,34</precio>
          <unidades>16</unidades>
        </producto>
      </info_pedido>
    </cliente>
  </pedido>
  <pedido>
    <cliente>
      <nombre>Grant</nombre>
      <apellidos>Ketchaside</apellidos>
      <telefono>593-673-6873</telefono>
      <direccion>
        <calle>Eggendart</calle>
        <ciudad>Girona</ciudad>
        <codigo_postal>17080</codigo_postal>
        <comunidad_autonoma>Cataluna</comunidad_autonoma>
      </direccion>
      <correo_electronico>gketchaside6@ning.com</correo_electronico>
      <info_pedido>
        <fecha_de_compra>
          <num_pedido>57</num_pedido>
          <fecha>30/11/2022</fecha>
          <trimestre>6</trimestre>
        </fecha_de_compra>
        <fecha_de_entrega>17/11/2022</fecha_de_entrega>
        <total_factura>€128,87</total_factura>
        <producto>
          <nombre_producto>Sour Puss Sour Apple</nombre_producto>
          <referencia>1183</referencia>
          <precio>€376,71</precio>
          <unidades>5</unidades>
        </producto>
      </info_pedido>
    </cliente>
  </pedido>
  <pedido>
    <cliente>
      <nombre>Leslie</nombre>
      <apellidos>McCaskell</apellidos>
      <telefono>965-280-1754</telefono>
      <direccion>
        <calle>Spenser</calle>
        <ciudad>Sabadell</ciudad>
        <codigo_postal>08204</codigo_postal>
        <comunidad_autonoma>Cataluna</comunidad_autonoma>
      </direccion>
      <correo_electronico>lmccaskell7@dyndns.org</correo_electronico>
      <info_pedido>
        <fecha_de_compra>
          <num_pedido>58</num_pedido>
          <fecha>10/09/2022</fecha>
          <trimestre>6</trimestre>
        </fecha_de_compra>
        <fecha_de_entrega>11/06/2022</fecha_de_entrega>
        <total_factura>€374,78</total_factura>
        <producto>
          <nombre_producto>Whmis - Spray Bottle Trigger</nombre_producto>
          <referencia>1970</referencia>
          <precio>€873,20</precio>
          <unidades>6</unidades>
        </producto>
      </info_pedido>
    </cliente>
  </pedido>
  <pedido>
    <cliente>
      <nombre>Dorian</nombre>
      <apellidos>Chattoe</apellidos>
      <telefono>220-499-9202</telefono>
      <direccion>
        <calle>Pleasure</calle>
        <ciudad>Vitoria-Gasteiz</ciudad>
        <codigo_postal>01080</codigo_postal>
        <comunidad_autonoma>Pais Vasco</comunidad_autonoma>
      </direccion>
      <correo_electronico>dchattoe8@reference.com</correo_electronico>
      <info_pedido>
        <fecha_de_compra>
          <num_pedido>59</num_pedido>
          <fecha>14/03/2022</fecha>
          <trimestre>6</trimestre>
        </fecha_de_compra>
        <fecha_de_entrega>12/06/2022</fecha_de_entrega>
        <total_factura>€995,11</total_factura>
        <producto>
          <nombre_producto>Magnotta Bel Paese Red</nombre_producto>
          <referencia>1729</referencia>
          <precio>€70,17</precio>
          <unidades>13</unidades>
        </producto>
      </info_pedido>
    </cliente>
  </pedido>
  <pedido>
    <cliente>
      <nombre>Pattin</nombre>
      <apellidos>Duthie</apellidos>
      <telefono>914-858-0680</telefono>
      <direccion>
        <calle>Northwestern</calle>
        <ciudad>Telde</ciudad>
        <codigo_postal>35213</codigo_postal>
        <comunidad_autonoma>Canarias</comunidad_autonoma>
      </direccion>
      <correo_electronico>pduthie9@prlog.org</correo_electronico>
      <info_pedido>
        <fecha_de_compra>
          <num_pedido>60</num_pedido>
          <fecha>18/10/2022</fecha>
          <trimestre>6</trimestre>
        </fecha_de_compra>
        <fecha_de_entrega>08/05/2022</fecha_de_entrega>
        <total_factura>€670,52</total_factura>
        <producto>
          <nombre_producto>Lid Coffee Cup 8oz Blk</nombre_producto>
          <referencia>1067</referencia>
          <precio>€758,90</precio>
          <unidades>6</unidades>
        </producto>
      </info_pedido>
    </cliente>
  </pedido>

<!-- tercer trimestre segundo año -->

<pedido>
    <cliente>
        <nombre>José Antonio</nombre>
        <apellidos>Ures Teba</apellidos>
        <telefono>633-354-5177</telefono>
        <direccion>
            <calle>Calle del Boquerón</calle>
            <ciudad>Santander</ciudad>
            <codigo_postal>39080</codigo_postal>
            <comunidad_autonoma>Cantabria</comunidad_autonoma>
        </direccion>
        <correo_electronico>joseantonio@gmail.com</correo_electronico>
      <info_pedido>
        <fecha_de_compra>
          <num_pedido>61</num_pedido>
          <fecha>23/11/2022</fecha>
          <trimestre>7</trimestre>
        </fecha_de_compra>
        <fecha_de_entrega>04/01/2022</fecha_de_entrega>
        <total_factura>€527,34</total_factura>
        <producto>
          <nombre_producto>Broom Handle</nombre_producto>
          <referencia>1287</referencia>
          <precio>€246,84</precio>
          <unidades>5</unidades>
        </producto>
      </info_pedido>
    </cliente>
  </pedido>
  <pedido>
    <cliente>
        <nombre>Iván</nombre>
        <apellidos>Mata Herrón</apellidos>
        <telefono>442-366-5384</telefono>
        <direccion>
            <calle>Calle del Urogallo</calle>
            <ciudad>Lleida</ciudad>
            <codigo_postal>25198</codigo_postal>
            <comunidad_autonoma>Cataluna</comunidad_autonoma>
        </direccion>
        <correo_electronico>ivanmataherron@gmail.com</correo_electronico>
      <info_pedido>
        <fecha_de_compra>
          <num_pedido>62</num_pedido>
          <fecha>14/04/2022</fecha>
          <trimestre>7</trimestre>
        </fecha_de_compra>
        <fecha_de_entrega>16/02/2022</fecha_de_entrega>
        <total_factura>€928,21</total_factura>
        <producto>
          <nombre_producto>Bread - Multigrain Oval</nombre_producto>
          <referencia>1086</referencia>
          <precio>€976,14</precio>
          <unidades>3</unidades>
        </producto>
      </info_pedido>
    </cliente>
  </pedido>
  <pedido>
    <cliente>
        <nombre>Javier</nombre>
        <apellidos>Suárez Baglietto</apellidos>
        <telefono>448-102-3940</telefono>
        <direccion>
            <calle>Calle del Pajar</calle>
            <ciudad>Madrid</ciudad>
            <codigo_postal>28025</codigo_postal>
            <comunidad_autonoma>Madrid</comunidad_autonoma>
        </direccion>
        <correo_electronico>javiersuarez@gmail.com</correo_electronico>
      <info_pedido>
        <fecha_de_compra>
          <num_pedido>63</num_pedido>
          <fecha>26/10/2022</fecha>
          <trimestre>7</trimestre>
        </fecha_de_compra>
        <fecha_de_entrega>21/04/2022</fecha_de_entrega>
        <total_factura>€129,03</total_factura>
        <producto>
          <nombre_producto>Cheese - St. Paulin</nombre_producto>
          <referencia>1797</referencia>
          <precio>€412,15</precio>
          <unidades>15</unidades>
        </producto>
      </info_pedido>
    </cliente>
  </pedido>
  <pedido>
    <cliente>
        <nombre>David</nombre>
        <apellidos>Millán Domínguez</apellidos>
        <telefono>198-840-5128</telefono>
        <direccion>
            <calle>Calle Pajaritos</calle>
            <ciudad>Aviles</ciudad>
            <codigo_postal>33404</codigo_postal>
            <comunidad_autonoma>Asturias</comunidad_autonoma>
        </direccion>
        <correo_electronico>davidmillan@gmail.com</correo_electronico>
      <info_pedido>
        <fecha_de_compra>
          <num_pedido>64</num_pedido>
          <fecha>12/04/2022</fecha>
          <trimestre>7</trimestre>
        </fecha_de_compra>
        <fecha_de_entrega>18/08/2022</fecha_de_entrega>
        <total_factura>€32,49</total_factura>
        <producto>
          <nombre_producto>Pork - Bacon, Sliced</nombre_producto>
          <referencia>1145</referencia>
          <precio>€31,53</precio>
          <unidades>17</unidades>
        </producto>
      </info_pedido>
    </cliente>
  </pedido>
  <pedido>
    <cliente>
        <nombre>Paula</nombre>
        <apellidos>Cubero Encinas</apellidos>
        <telefono>227-219-5796</telefono>
        <direccion>
            <calle>Calle Colador</calle>
            <ciudad>Vigo</ciudad>
            <codigo_postal>36215</codigo_postal>
            <comunidad_autonoma>Galicia</comunidad_autonoma>
        </direccion>
        <correo_electronico>paulacubero@gmail.com</correo_electronico>
      <info_pedido>
        <fecha_de_compra>
          <num_pedido>65</num_pedido>
          <fecha>25/10/2022</fecha>
          <trimestre>7</trimestre>
        </fecha_de_compra>
        <fecha_de_entrega>30/11/2022</fecha_de_entrega>
        <total_factura>€151,18</total_factura>
        <producto>
          <nombre_producto>Wine - Ice Wine</nombre_producto>
          <referencia>1972</referencia>
          <precio>€334,31</precio>
          <unidades>7</unidades>
        </producto>
      </info_pedido>
    </cliente>
  </pedido>
  <pedido>
    <cliente>
      <nombre>Osborn</nombre>
      <apellidos>Leyland</apellidos>
      <telefono>607-510-3661</telefono>
      <direccion>
        <calle>Meadow Vale</calle>
        <ciudad>Zamora</ciudad>
        <codigo_postal>49003</codigo_postal>
        <comunidad_autonoma>Castilla - Leon</comunidad_autonoma>
      </direccion>
      <correo_electronico>oleyland5@google.de</correo_electronico>
      <info_pedido>
        <fecha_de_compra>
          <num_pedido>66</num_pedido>
          <fecha>24/06/2022</fecha>
          <trimestre>7</trimestre>
        </fecha_de_compra>
        <fecha_de_entrega>30/07/2022</fecha_de_entrega>
        <total_factura>€228,36</total_factura>
        <producto>
          <nombre_producto>Sauce - Sesame Thai Dressing</nombre_producto>
          <referencia>1217</referencia>
          <precio>€748,07</precio>
          <unidades>15</unidades>
        </producto>
      </info_pedido>
    </cliente>
  </pedido>
  <pedido>
    <cliente>
      <nombre>Kalina</nombre>
      <apellidos>Giurio</apellidos>
      <telefono>613-484-8470</telefono>
      <direccion>
        <calle>Sauthoff</calle>
        <ciudad>Sant Cugat Del Valles</ciudad>
        <codigo_postal>08190</codigo_postal>
        <comunidad_autonoma>Cataluna</comunidad_autonoma>
      </direccion>
      <correo_electronico>kgiurio6@howstuffworks.com</correo_electronico>
      <info_pedido>
        <fecha_de_compra>
          <num_pedido>67</num_pedido>
          <fecha>09/05/2022</fecha>
          <trimestre>7</trimestre>
        </fecha_de_compra>
        <fecha_de_entrega>29/06/2022</fecha_de_entrega>
        <total_factura>€704,81</total_factura>
        <producto>
          <nombre_producto>Napkin Colour</nombre_producto>
          <referencia>1106</referencia>
          <precio>€765,70</precio>
          <unidades>3</unidades>
        </producto>
      </info_pedido>
    </cliente>
  </pedido>
  <pedido>
    <cliente>
      <nombre>Brantley</nombre>
      <apellidos>Tack</apellidos>
      <telefono>639-619-9879</telefono>
      <direccion>
        <calle>Welch</calle>
        <ciudad>Ourense</ciudad>
        <codigo_postal>32005</codigo_postal>
        <comunidad_autonoma>Galicia</comunidad_autonoma>
      </direccion>
      <correo_electronico>btack7@usda.gov</correo_electronico>
      <info_pedido>
        <fecha_de_compra>
          <num_pedido>68</num_pedido>
          <fecha>16/04/2022</fecha>
          <trimestre>7</trimestre>
        </fecha_de_compra>
        <fecha_de_entrega>12/02/2022</fecha_de_entrega>
        <total_factura>€720,54</total_factura>
        <producto>
          <nombre_producto>Venison - Denver Leg Boneless</nombre_producto>
          <referencia>1279</referencia>
          <precio>€98,68</precio>
          <unidades>3</unidades>
        </producto>
      </info_pedido>
    </cliente>
  </pedido>
  <pedido>
    <cliente>
      <nombre>Consalve</nombre>
      <apellidos>Rockell</apellidos>
      <telefono>245-423-0705</telefono>
      <direccion>
        <calle>Jenifer</calle>
        <ciudad>Madrid</ciudad>
        <codigo_postal>28015</codigo_postal>
        <comunidad_autonoma>Madrid</comunidad_autonoma>
      </direccion>
      <correo_electronico>crockell8@eepurl.com</correo_electronico>
      <info_pedido>
        <fecha_de_compra>
          <num_pedido>69</num_pedido>
          <fecha>24/12/2022</fecha>
          <trimestre>7</trimestre>
        </fecha_de_compra>
        <fecha_de_entrega>01/11/2022</fecha_de_entrega>
        <total_factura>€703,86</total_factura>
        <producto>
          <nombre_producto>Cactus Pads</nombre_producto>
          <referencia>1392</referencia>
          <precio>€962,29</precio>
          <unidades>11</unidades>
        </producto>
      </info_pedido>
    </cliente>
  </pedido>
  <pedido>
    <cliente>
      <nombre>Gan</nombre>
      <apellidos>Giotto</apellidos>
      <telefono>324-944-1024</telefono>
      <direccion>
        <calle>Oakridge</calle>
        <ciudad>Gijon</ciudad>
        <codigo_postal>33209</codigo_postal>
        <comunidad_autonoma>Asturias</comunidad_autonoma>
      </direccion>
      <correo_electronico>ggiotto9@examiner.com</correo_electronico>
      <info_pedido>
        <fecha_de_compra>
          <num_pedido>70</num_pedido>
          <fecha>01/01/2022</fecha>
          <trimestre>7</trimestre>
        </fecha_de_compra>
        <fecha_de_entrega>30/09/2022</fecha_de_entrega>
        <total_factura>€728,54</total_factura>
        <producto>
          <nombre_producto>Dikon</nombre_producto>
          <referencia>1385</referencia>
          <precio>€221,00</precio>
          <unidades>15</unidades>
        </producto>
      </info_pedido>
    </cliente>
  </pedido>

<!-- cuarto trimestre segundo año -->

<pedido>
    <cliente>
        <nombre>José Antonio</nombre>
        <apellidos>Ures Teba</apellidos>
        <telefono>633-354-5177</telefono>
        <direccion>
            <calle>Calle del Boquerón</calle>
            <ciudad>Santander</ciudad>
            <codigo_postal>39080</codigo_postal>
            <comunidad_autonoma>Cantabria</comunidad_autonoma>
        </direccion>
        <correo_electronico>joseantonio@gmail.com</correo_electronico>
      <info_pedido>
        <fecha_de_compra>
          <num_pedido>71</num_pedido>
          <fecha>07/11/2022</fecha>
          <trimestre>8</trimestre>
        </fecha_de_compra>
        <fecha_de_entrega>13/10/2022</fecha_de_entrega>
        <total_factura>€565,12</total_factura>
        <producto>
          <nombre_producto>Cocoa Powder - Natural</nombre_producto>
          <referencia>1185</referencia>
          <precio>€847,37</precio>
          <unidades>15</unidades>
        </producto>
      </info_pedido>
    </cliente>
  </pedido>
  <pedido>
    <cliente>
        <nombre>Iván</nombre>
        <apellidos>Mata Herrón</apellidos>
        <telefono>442-366-5384</telefono>
        <direccion>
            <calle>Calle del Urogallo</calle>
            <ciudad>Lleida</ciudad>
            <codigo_postal>25198</codigo_postal>
            <comunidad_autonoma>Cataluna</comunidad_autonoma>
        </direccion>
        <correo_electronico>ivanmataherron@gmail.com</correo_electronico>
      <info_pedido>
        <fecha_de_compra>
          <num_pedido>72</num_pedido>
          <fecha>14/08/2022</fecha>
          <trimestre>8</trimestre>
        </fecha_de_compra>
        <fecha_de_entrega>04/08/2022</fecha_de_entrega>
        <total_factura>€948,41</total_factura>
        <producto>
          <nombre_producto>Oil - Olive</nombre_producto>
          <referencia>1133</referencia>
          <precio>€753,42</precio>
          <unidades>19</unidades>
        </producto>
      </info_pedido>
    </cliente>
  </pedido>
  <pedido>
    <cliente>
        <nombre>Javier</nombre>
        <apellidos>Suárez Baglietto</apellidos>
        <telefono>448-102-3940</telefono>
        <direccion>
            <calle>Calle del Pajar</calle>
            <ciudad>Madrid</ciudad>
            <codigo_postal>28025</codigo_postal>
            <comunidad_autonoma>Madrid</comunidad_autonoma>
        </direccion>
        <correo_electronico>javiersuarez@gmail.com</correo_electronico>
      <info_pedido>
        <fecha_de_compra>
          <num_pedido>73</num_pedido>
          <fecha>21/09/2022</fecha>
          <trimestre>8</trimestre>
        </fecha_de_compra>
        <fecha_de_entrega>09/10/2022</fecha_de_entrega>
        <total_factura>€906,45</total_factura>
        <producto>
          <nombre_producto>Nut - Macadamia</nombre_producto>
          <referencia>1046</referencia>
          <precio>€163,98</precio>
          <unidades>13</unidades>
        </producto>
      </info_pedido>
    </cliente>
  </pedido>
  <pedido>
    <cliente>
        <nombre>David</nombre>
        <apellidos>Millán Domínguez</apellidos>
        <telefono>198-840-5128</telefono>
        <direccion>
            <calle>Calle Pajaritos</calle>
            <ciudad>Aviles</ciudad>
            <codigo_postal>33404</codigo_postal>
            <comunidad_autonoma>Asturias</comunidad_autonoma>
        </direccion>
        <correo_electronico>davidmillan@gmail.com</correo_electronico>
      <info_pedido>
        <fecha_de_compra>
          <num_pedido>74</num_pedido>
          <fecha>01/12/2022</fecha>
          <trimestre>8</trimestre>
        </fecha_de_compra>
        <fecha_de_entrega>09/12/2022</fecha_de_entrega>
        <total_factura>€197,64</total_factura>
        <producto>
          <nombre_producto>Wine - Rioja Campo Viejo</nombre_producto>
          <referencia>1837</referencia>
          <precio>€435,75</precio>
          <unidades>16</unidades>
        </producto>
      </info_pedido>
    </cliente>
  </pedido>
  <pedido>
    <cliente>
        <nombre>Paula</nombre>
        <apellidos>Cubero Encinas</apellidos>
        <telefono>227-219-5796</telefono>
        <direccion>
            <calle>Calle Colador</calle>
            <ciudad>Vigo</ciudad>
            <codigo_postal>36215</codigo_postal>
            <comunidad_autonoma>Galicia</comunidad_autonoma>
        </direccion>
        <correo_electronico>paulacubero@gmail.com</correo_electronico>
      <info_pedido>
        <fecha_de_compra>
          <num_pedido>75</num_pedido>
          <fecha>13/01/2022</fecha>
          <trimestre>8</trimestre>
        </fecha_de_compra>
        <fecha_de_entrega>29/09/2022</fecha_de_entrega>
        <total_factura>€62,12</total_factura>
        <producto>
          <nombre_producto>Pork - Backfat</nombre_producto>
          <referencia>1754</referencia>
          <precio>€150,95</precio>
          <unidades>16</unidades>
        </producto>
      </info_pedido>
    </cliente>
  </pedido>
  <pedido>
    <cliente>
      <nombre>Terri-jo</nombre>
      <apellidos>Tyrwhitt</apellidos>
      <telefono>972-782-1504</telefono>
      <direccion>
        <calle>Orin</calle>
        <ciudad>Santa Cruz De Tenerife</ciudad>
        <codigo_postal>38110</codigo_postal>
        <comunidad_autonoma>Canarias</comunidad_autonoma>
      </direccion>
      <correo_electronico>ttyrwhitt5@redcross.org</correo_electronico>
      <info_pedido>
        <fecha_de_compra>
          <num_pedido>76</num_pedido>
          <fecha>22/04/2022</fecha>
          <trimestre>8</trimestre>
        </fecha_de_compra>
        <fecha_de_entrega>05/11/2022</fecha_de_entrega>
        <total_factura>€450,82</total_factura>
        <producto>
          <nombre_producto>Jolt Cola</nombre_producto>
          <referencia>1949</referencia>
          <precio>€995,18</precio>
          <unidades>12</unidades>
        </producto>
      </info_pedido>
    </cliente>
  </pedido>
  <pedido>
    <cliente>
      <nombre>Jayson</nombre>
      <apellidos>Ansill</apellidos>
      <telefono>132-725-1874</telefono>
      <direccion>
        <calle>Aberg</calle>
        <ciudad>Zamora</ciudad>
        <codigo_postal>49003</codigo_postal>
        <comunidad_autonoma>Castilla - Leon</comunidad_autonoma>
      </direccion>
      <correo_electronico>jansill6@nps.gov</correo_electronico>
      <info_pedido>
        <fecha_de_compra>
          <num_pedido>77</num_pedido>
          <fecha>23/06/2022</fecha>
          <trimestre>8</trimestre>
        </fecha_de_compra>
        <fecha_de_entrega>23/01/2022</fecha_de_entrega>
        <total_factura>€858,56</total_factura>
        <producto>
          <nombre_producto>Fib N9 - Prague Powder</nombre_producto>
          <referencia>1868</referencia>
          <precio>€46,70</precio>
          <unidades>18</unidades>
        </producto>
      </info_pedido>
    </cliente>
  </pedido>
  <pedido>
    <cliente>
      <nombre>Octavia</nombre>
      <apellidos>Stollenbecker</apellidos>
      <telefono>698-137-3916</telefono>
      <direccion>
        <calle>Rockefeller</calle>
        <ciudad>Valencia</ciudad>
        <codigo_postal>46005</codigo_postal>
        <comunidad_autonoma>Comunidad Valenciana</comunidad_autonoma>
      </direccion>
      <correo_electronico>ostollenbecker7@scientificamerican.com</correo_electronico>
      <info_pedido>
        <fecha_de_compra>
          <num_pedido>78</num_pedido>
          <fecha>27/10/2022</fecha>
          <trimestre>8</trimestre>
        </fecha_de_compra>
        <fecha_de_entrega>28/11/2022</fecha_de_entrega>
        <total_factura>€514,73</total_factura>
        <producto>
          <nombre_producto>Quail - Jumbo</nombre_producto>
          <referencia>1473</referencia>
          <precio>€165,11</precio>
          <unidades>3</unidades>
        </producto>
      </info_pedido>
    </cliente>
  </pedido>
  <pedido>
    <cliente>
      <nombre>Kata</nombre>
      <apellidos>Edghinn</apellidos>
      <telefono>765-461-7090</telefono>
      <direccion>
        <calle>Farmco</calle>
        <ciudad>Zamora</ciudad>
        <codigo_postal>49008</codigo_postal>
        <comunidad_autonoma>Castilla - Leon</comunidad_autonoma>
      </direccion>
      <correo_electronico>kedghinn8@rakuten.co.jp</correo_electronico>
      <info_pedido>
        <fecha_de_compra>
          <num_pedido>79</num_pedido>
          <fecha>26/06/2022</fecha>
          <trimestre>8</trimestre>
        </fecha_de_compra>
        <fecha_de_entrega>08/12/2022</fecha_de_entrega>
        <total_factura>€960,44</total_factura>
        <producto>
          <nombre_producto>Yogurt - Banana, 175 Gr</nombre_producto>
          <referencia>1771</referencia>
          <precio>€788,83</precio>
          <unidades>7</unidades>
        </producto>
      </info_pedido>
    </cliente>
  </pedido>
  <pedido>
    <cliente>
      <nombre>Sarena</nombre>
      <apellidos>Buxy</apellidos>
      <telefono>111-970-0046</telefono>
      <direccion>
        <calle>Esker</calle>
        <ciudad>Leon</ciudad>
        <codigo_postal>24010</codigo_postal>
        <comunidad_autonoma>Castilla - Leon</comunidad_autonoma>
      </direccion>
      <correo_electronico>sbuxy9@google.co.uk</correo_electronico>
      <info_pedido>
        <fecha_de_compra>
          <num_pedido>80</num_pedido>
          <fecha>19/08/2022</fecha>
          <trimestre>8</trimestre>
        </fecha_de_compra>
        <fecha_de_entrega>23/09/2022</fecha_de_entrega>
        <total_factura>€15,24</total_factura>
        <producto>
          <nombre_producto>Wine - Sawmill Creek Autumn</nombre_producto>
          <referencia>1463</referencia>
          <precio>€833,43</precio>
          <unidades>4</unidades>
        </producto>
      </info_pedido>
    </cliente>
  </pedido>
</pedidos>